<?xml version="1.0" encoding="ISO-8859-1" ?> 
<!DOCTYPE sampletextsheader SYSTEM "../DTDs/header.dtd"> 

<sampletextsheader type ="sampletexts" date.created = "07.06.2005"
creator ="Katja Markert" >

<fileDesc>

<titleStmt>
<title> Occurrences of Company Names annotated for Metonymies, based
on the British National Corpus</title>

<author> Collectors and Annotators: Katja Markert and Malvina Nissim
</author>

<funder> This corpus contains efforts funded by both the ESRC (Great
Britain) and the DFG (Germany). </funder>

<principal> Katja Markert</principal>

<respStmt> <resp> collected and converted into XML by </resp>
           <name> Katja Markert and Malvina Nissim </name>
</respStmt>

<respStmt> <resp> annotated by </resp>
           <name> Katja Markert and Malvina Nissim </name>

</respStmt>
</titleStmt>


<editionStmt> <edition> Edition 1.0, 07.06.2005.  </edition> </editionStmt>

<extent>  number of samples 3100 </extent>


<publicationStmt>

<authority> Katja Markert and Malvina Nissim are responsible for the
 distribution of the metonymy and feature annotation. </authority>

<pubPlace> Leeds and Edinburgh, Great Britain </pubPlace>

<address> School of Computing, University of Leeds, Woodhouse Lane, LS2 9JT Leeds, Great Britain. Email: markert@comp.leeds.ac.uk.
Language Technology Group, University of Edinburgh, 2
 Buccleuch Place, EH8 9LW Edinburgh, Great Britain. Email: mnissim@inf.ed.ac.uk </address>

<availability> This corpus consists of two parts: The standoff
 metonymy annotation (file: companies.annotation)  and the
 original text samples from the BNC, converted into XML format (file:
 companies.xml).

 The standoff metonymy annotation file is free for distribution, under
 the following conditions: a) Any distribution must include this
 header. b) Any published material or results based in any way on the
 data in this distribution must sufficiently acknowledge the authors
 by citing the annotation manual, the corpus under the title above or
 a published paper by the authors that describes the corpus.

 The text samples in companies.xml are extracted from the British
National Corpus, whose copyright conditions still apply and which
CANNOT  be distributed freely. We were kindly allowed to distribute
these samples restrictively for research purposes, nevertheless, but
the following conditions apply:  a) Any published material or results
based on this data must sufficiently acknowledge the British National
Corpus. b) In addition, any distribution of this data must include a
copy of the British National Corpus  corpus header. c) The BNC is
available for commercial exploitation only where terms have been
agreed with the BNC Consortium. Apply in the first instance to Oxford
University Computing Service.  d) DO NOT further distribute the text
samples without contacting   the BNC Consortium. </availability>

<date>06.07.2005</date>
</publicationStmt>


<sourceDesc>

  <titStmt>
      <title>
        The British National Corpus
      </title>
      <respStmt>
        <resp>
          Lead partner in consortium
        </resp>
        <name>
          Oxford University Press
        </name>
      </respStmt>
      <respStmt>
        <resp>
          Text selection for miscellaneous and unpublished written
          materials
        </resp>
        <name>
          W R Chambers
        </name>
        <resp>
          Text selection, data capture and transcription for spoken
          texts and for 14% of published written texts
        </resp>
        <name>
          Longman ELT
        </name>
        <resp>
          Text selection for 86% published written texts
        </resp>
        <name>
          Oxford University Press
        </name>
        <resp>
          Data capture and transcription for all miscellaneous and
          unpublished written texts and for 86% of published written
          texts
        </resp>
        <name>
          Oxford University Press
        </name>
      </respStmt>
      <respStmt>
        <resp>
          Encoding, storage and distribution
        </resp>
        <name>
          Oxford University Computing Services
        </name>
      </respStmt>
      <respStmt>
        <resp>
          Text enrichment
        </resp>
        <name>
          Unit for Computer Research into the English Language,
          University of Lancaster
        </name>
      </respStmt>
    </titStmt>
    <ednStmt n="1.0">
      Corpus header automatically generated by mkcorphdr 0.20
    </ednStmt>
    <extentbnc words="95403740">
    </extentbnc>
    <pubStmt>
      <respStmt>
        <resp>
          Archive site
        </resp>
        <name>
          Oxford University Computing Services
        </name>
      </respStmt>
      <address>
        13 Banbury Road, Oxford OX2 6NN U.K.  Telephone:     +44 491
        273280 Facsimile:     +44 491 273275 Internet mail:
        natcorp@ox.ac.uk
      </address>
      <idno type="BNC" n="BNC1.0"> </idno>
      <avail status="restrict" region="EU">
        THE BRITISH NATIONAL CORPUS IS AVAILABLE AT NOMINAL CHARGE FOR
        ACADEMIC RESEARCH PURPOSES THROUGHOUT EUROPEAN UNION (EU),
        SUBJECT TO A SIGNED END USER LICENCE HAVING BEEN RECEIVED BY
        OXFORD UNIVERSITY COMPUTING SERVICES, from whom blank forms
        and supporting materials are available.

        Apply to Oxford University Computing Services for information
        on availability in whole or part for academic research
        purposes outside the EU.

        The BNC is available for commercial research and exploitation
        only where terms have first been agreed with the BNC
        Consortium Exploitation Committee.  Apply in the first
        instance to Oxford University Computing Services.

        Specific conditions and restrictions relating to individual
        texts in the corpus are set out in their respective text
        headers, and are binding upon users.

        Distribution of any part of the corpus must include a copy of
        this corpus header.

        For information, the conditions of the End User Licence for
        academic use are as follows:

        (a) The BNC Consortium grants according to the terms and
        conditions set out herein and in consideration of the payments
        specified herein a non-exclusive, non-transferable Licence to
        the Licensee to use the BNC Processed Material for the
        purposes of linguistic research and/or the development of
        language products.

        (b) Distribution of the BNC Processed Material is restricted
        to the Licensee or in the event of the Licensee being an
        organisation, to the Licensee's research group.  This group is
        defined as consisting only of those Licensee's employees whom
        the Licensee authorises to perform the work using the BNC
        Processed Material for the purposes described in paragraph (a).

        (c) Members of the said research group must not, except as
        herein provided, copy, publish or otherwise give to any third
        party access to the whole or any part of the BNC Processed
        Material.  It is the responsibility of the Licensee to ensure
        that the members of the said research group understand and
        abide by this restriction, and to supervise their activities
        with respect to the BNC Processed Material.  Neither the
        Licensee nor members of the Licensee's said research group may
        assign, transfer, lease, sell, rent, charge or otherwise
        encumber the BNC Processed Material.

        (d) The BNC Processed Material may be installed at the place
        or places of work of the said research group.  The place of
        work is defined as the computing systems that the members of a
        research group normally use to conduct their research
        activities.  It can include both work and home computers, and
        is not restricted to a particular machine or building.

        (e)Copies of the BNC Processed Material may be made for backup
        purposes, or for the purposes of making data available to
        members of the research group but the Licensee shall ensure
        that the BNC Consortium's copyright notice is reproduced on
        all copies or parts thereof of the BNC Processed Material.
        Any such copies will be deemed to be part of the BNC Processed
        Material.

        (f) There is no restriction on the use of the Licensee's
        Results except that the Licensee may not publish in print or
        electronic form or exploit commercially in any form whatsoever
        any extracts from the BNC Processed Material other than those
        permitted under the fair dealings provision of copyright law.

        (g) The BNC Consortium does not grant to the Licensee any
        rights whatsoever to reproduce the BNC Texts or use all or any
        part of the BNC Texts in commercial products or services in
        any way other than would be permitted under the fair dealings
        provision of copyright law.
      </avail>
      <date value="1994-11-30">
        1994-11-30
      </date>
    </pubStmt>
   
          <bibNote>
            As a corpus of electronic texts, the British National
            Corpus has no source document as such.  For details of the
            source or sources used in the creation of each electronic
            text, see the text headers.

            This bibliographic record is simply a place-holder in the
            corpus header, and has no other significance.
          </bibNote>
   

</sourceDesc>

</fileDesc>

<encodingDesc>

<projectDesc> This corpus was encoded as part of an ESRC project and a
DFG fellowship project on  robust methods for metonymy analyis by both
humans and automated systems. The project focusses on the class-based
handling of metonymies and this particular corpus was sampled and
annotated for studying the properties of company names.  For this
purpose 3100 company names were randomly extracted from the British
National Corpus and annotated for metonymic usage. The corpus was used
for testing an annotation scheme for company names as well as
developing automated resolution algorithms for metonymy recognition
and interpretation. </projectDesc>


<samplingDecl> All company names and their variants were extracted
from the Fortune 500 list (freely available online), which served as the
sampling frame. All occurrences of these names were extracted in
context from the BNC using the tool Gsearch (Corley, S., Corley, M.,
Keller, F., Crocker, M., and  Trewin, S. (2001). Finding Syntactic
Structure in Unparsed Corpora: The Gsearch Corpus Query
System. Computers and the Humanities, 35, 81-94), allowing for both
upper and lower case occurrences as well as the occurrence of plural
forms. Each such occurrence with context is called a sample.

All samples extracted contain 2 sentences of context before the
sentence in which the company name occurs, the sentence in which the
company name occurs and the sentence after. This corpus contains 3100
randomly extracted samples. Any company name of the sampling frame was
allowed to occur.

At the beginning of each sample, in the element bncsource,  part of
the source file description for each sample as given in the BNC is
included. This gives e.g., the BNC file reference, the reference to
the original text file and the text category of the file (e.g. spoken
or written text). For description of these categories please refer to
the BNC User Reference Guide.


</samplingDecl>

<editorialDecl> <normalization> Before performing metonymy annotation,
several other procedures have been undertaken to normalize the text
samples (companies.xml) in this corpus. Firstly, Gsearch does not print some elements
in the BNC (e.g., empty elements serving to indicate noises in speech
transcription). Therefore the samples only include all the words and
punctuation in the BNC original sample. Secondly, the files were
converted from SGML into XML. Thirdly,  namespaces were introduced to
distinguish the original BNC markup from the markup added during the
annotation phase of this project. Therefore all elements and
attributes that are taken from the original BNC markup have the prefix
'bnc:'. So, e.g., the part of speech annotation is marked with the
attribute bnc:type. For description of these elements and attributes
we refer the user to the BNC User Reference Guide. Lastly, identifiers
to the sentences, words and punctuation elements have been added.
These identifiers give pointers to the elements' position in the BNC
files from which the elements were extracted. Thus, e.g., at the
beginning of each sample the element 'refer' gives reference to the
original BNC file as well as the sentencenumber of this file in which
the studied name occurs. As another example, every word element has an
id-number of the form 'samp*-bnc*-s*-w*' : The sample number allows to
locate the sample within this corpus; the references to the BNC file
number, the sentence in this file and the word number in that sentence
make it possible to link the word back to the original BNC file.

The standoff annotation file contains  two types of annotation (namely metonymy annotation and feature annotation) which
 are NOT included in the text file. The usage of the identifiers
 described above in both the annotation file and the text file  make
 it easy to link the annotation back to the text samples.
</normalization>

<interpretation>  <annotation>  <description>

METONYMY ANNOTATION: Firstly all company names extracted have been annotated for their word
semantics. This annotation was carried out by hand. If the sample was
not understood by the annotators because the context was insufficient,
the sample was not annotated. Therefore, the sample is included in the
sample text file, but there is no corresponding information in the
standoff annotation file.

Should the extracted method erronously extract homonyms,
(e.g. instead of the company "Sharp" the adjective "sharp") then there
is also no annotation added and again, the sample is included in the
sample text file, but there is no corresponding information in the
standoff annotation file.  Otherwise, the extracted company names were
first annotated by adding an element describing their base class,
normally organisation.  Should the extracted name be part of a more complex
proper name the base class is 'nonapp'.  The identification of
'nonapp' is not described in the annotation manuals; we refer the user
to the MUC annotation manuals.

For the extracted names that do have base class organisation, annotation
about literal and metonymic usage has been added via attributes to the
base class element. These attributes hierarchically refine
readings. The attribute "reading" gives the most general usage (e.g.,
whether a metonymic, literal or mixedusage is intended), the
attributes 'metotype' and 'mixedtype' give further information about
the kind of metonymy intended etc. Should any annotation be
contradictory between the annotators the attribute value has been set
to 'notagr'. All details are described in the metonymy annotation
manual included in this distribution.

Sometimes additional notes have been added to explain the annotation
via an attribute 'notes'. These are described in the notes annotation
manual which is included in this distribution. 
</description> 

<annotator> Katja Markert and Malvina Nissim. All samples were
annotated by both annotators. After annotation, differences were
reconciled and all non-reconcilable differences are marked with the
value 'notagr'.  </annotator>

<date> Finalisation 07.06.2005 </date>

<manual> Annotation scheme for metonymies. Katja Markert and Malvina
Nissim. </manual> 

</annotation>






</interpretation>


</editorialDecl>
</encodingDesc>



</sampletextsheader>

